
CREATE TABLE Categories (ID INTEGER NULL, ProductTypes TEXT NULL);
INSERT INTO `Categories` VALUES(1,'Cookies');
INSERT INTO `Categories` VALUES(2,'Cakes');
INSERT INTO `Categories` VALUES(3,'Cupcakes');
INSERT INTO `Categories` VALUES(4,'Pies');
INSERT INTO `Categories` VALUES(5,'Pastries');
CREATE TABLE Customers (ID INTEGER NULL, FirstName TEXT NULL, LastName TEXT NULL, StreetAddress TEXT NULL, State TEXT NULL, ZipCode TEXT NULL, Email TEXT NULL, PhoneNumber TEXT NULL, City TEXT NULL, AddtoMailingList TEXT NULL, OtherNotes TEXT NULL);
INSERT INTO `Customers` VALUES(1,'Tracey','Beckham','7 East Walker Dr.','NC','27612','beck@email.com','919-555-2314','Raleigh','No','');
INSERT INTO `Customers` VALUES(2,'Lucinda','George','789 Brewer St.','NC','27513','lugeo@email.com','919-555-4534','Cary','Yes- Weekly','');
INSERT INTO `Customers` VALUES(3,'Jerrod','Smith','211 St. George Ave.','NC','27610','texj@email.com','919-555-4564','Raleigh','No','');
INSERT INTO `Customers` VALUES(4,'Brett','Newkirk','47 Hillsborough St.','NC','27608','newkb@email.com','919-555-7653','Raleigh','No','');
INSERT INTO `Customers` VALUES(5,'Chloe','Jones','23 Solo Ln.','NC','27609','lo@email.com','919-555-8658','Raleigh','No','');
INSERT INTO `Customers` VALUES(6,'Quinton','Boyd','4 Cypress Cr.','NC','27714','denqui@email.com','919-555-5112','Durham','Yes- Weekly','');
INSERT INTO `Customers` VALUES(7,'Alex','Hinton','1011 Hodge Ln.','NC','27513','dhoda@email.com','919-555-5460','Cary','No','');
INSERT INTO `Customers` VALUES(8,'Nisha','Hall','123 Huntington St.','NC','27612','hall@email.com','919-555-5753','Raleigh','Yes- Special Offers Only','');
INSERT INTO `Customers` VALUES(9,'Hillary','Clayton','2516 Newman','NC','27606','mshill@email.com','919-555-9745','Raleigh','No','');
INSERT INTO `Customers` VALUES(10,'Kiara','Williams','9014 Miller Ln.','NC','27713','rogki@email.com','919-555-8975','Durham','Yes- Weekly','');
INSERT INTO `Customers` VALUES(11,'Katy','Jones','456 Denver Rd.','NC','27513','yjonesk@email.com','919-555-2332','Cary','No','');
INSERT INTO `Customers` VALUES(12,'Beatrix','Joslin','85 North West St.','NC','27606','jozbee@email.com','919-555-1123','Raleigh','Yes- Special Offers Only','');
INSERT INTO `Customers` VALUES(13,'Mariah','Allen','12 Jupe','NC','27605','mallen@email.com','919-555-3432','Raleigh','No','Nut allergy');
INSERT INTO `Customers` VALUES(14,'Jennifer','Hill','2100 Field Ave.','NC','27609','hillj@email.com','919-555-5467','Raleigh','No','');
INSERT INTO `Customers` VALUES(15,'Jaleel','Smith','123 Hill Top Drive','NC','27610','jsmi@email.com','919-555-7755','Garner','No','');
INSERT INTO `Customers` VALUES(16,'Cody','Hayes','65 North St.','NC','27609','richhi@email.com','919-555-5434','Raleigh','No','');
INSERT INTO `Customers` VALUES(17,'Amaya','Gibson','5 West St.','NC','27612','alg@email.com','919-555-7565','Raleigh','Yes- Special Offers Only','');
INSERT INTO `Customers` VALUES(18,'Cynthia','Love','7825 Venice Ct.','NC','27605','topv@email.com','919-555-4655','Raleigh','Yes- Special Offers Only','');
INSERT INTO `Customers` VALUES(19,'Cindy','Freeman','78-A Meadowview Ln.','NC','27609','cindyfree@email.com','919-555-7890','Raleigh','No','');
INSERT INTO `Customers` VALUES(20,'Barbara','Jameson','29 North Luke Ct.','NC','27609','bjaes@email.com','919-555-2222','Raleigh','No','Diabetic- Make all w/substitute sugar');
INSERT INTO `Customers` VALUES(29,'Bob','Jones','63-C Chapel Ct.','NC','27714','Bob_ready2read@email.com','919-555-2121','Durham','No','');
INSERT INTO `Customers` VALUES(30,'Juanita','Williams','123 Garden Plow Way','NC','27609','Juanita_ready2read@email.com','919-555-4334','Raleigh','No','');
INSERT INTO `Customers` VALUES(31,'Sara','Thomas','127 South Pejulup Ln.','NC','27603','Sarasara@email.com','919-555-5643','Raleigh','No','');
INSERT INTO `Customers` VALUES(32,'Larry','Binder','124 Heuristic Way','NC','27609','Larry87@email.com','919-555-5657','Raleigh','Yes- Special Offers Only','');
INSERT INTO `Customers` VALUES(33,'Samantha','Ferguson','2380 New Cove Rd.','NC','27529','Sferguson@email.com','919-555-6576','Garner','No','');
INSERT INTO `Customers` VALUES(35,'Patti','Cheng','9 Atlantic Blvd','NC','27608','Jamie_X@email.com','919-555-6666','Raleigh','No','');
INSERT INTO `Customers` VALUES(36,'Greg','Newton','2520 Hopkins Rd.','NC','27615','ChengPat@email.com','919-555-4585','Raleigh','No','');
INSERT INTO `Customers` VALUES(37,'Carol','Allenson','3201 Glenwood Ave. Unit A','NC','27607','GregNew@email.com','919-555-7575','Raleigh','Yes- Special Offers Only','The boss''s mom- 50% discount');
INSERT INTO `Customers` VALUES(38,'Zoey','Altman','817 Hillsborough St. Apt E102','NC','27605','callenson@email.com','919-555-6688','Raleigh','No','');
INSERT INTO `Customers` VALUES(39,'Danny','Haverford','202 Cedar Ln.','NC','27609','zalt@email.com','919-555-7778','Raleigh','No','');
INSERT INTO `Customers` VALUES(40,'Vig','Aurelio','53 Pine St.','NC','27612','daurelio@email.com','919-555-8789','Raleigh','Yes- Special Offers Only','');
INSERT INTO `Customers` VALUES(41,'Jeffery','Bergman','1245 Ross Park Dr.','NC','27609','bigvig22@email.com','919-555-4644','Raleigh','No','');
INSERT INTO `Customers` VALUES(42,'William','Bittiman','1122 Glenwood Ave.','NC','27609','jefejeff@email.com','919-555-6888','Raleigh','No','');
INSERT INTO `Customers` VALUES(43,'Megan','Draper','311 Cook St.','NC','27615','willbit@email.com','919-555-0783','Raleigh','Yes- Special Offers Only','');
INSERT INTO `Customers` VALUES(44,'Dick','Whitman','105 David St.','NC','27607','megansays@email.com','919-555-5042','Raleigh','No','');
INSERT INTO `Customers` VALUES(45,'Marjan','Jameson','202 C St. Unit A','NC','27608','callmedon@email.com','919-555-2044','Raleigh','No','');
INSERT INTO `Customers` VALUES(46,'Colin','Hopkins','321 E. Edenton St.','NC','27609','margy@email.com','919-555-0544','Raleigh','Yes- Special Offers Only','');
INSERT INTO `Customers` VALUES(47,'Hakim','Auden','921 Dawson St.','NC','27609','colin_hopkins@email.com','919-555-0045','Raleigh','Yes- Special Offers Only','');
INSERT INTO `Customers` VALUES(48,'Pilar','Semana','72 Oberlin Rd.','NC','27603','hauden@email.com','919-555-5404','Raleigh','Yes- Special Offers Only','');
INSERT INTO `Customers` VALUES(49,'Eliza','Harris','989 Cameron Ave.','NC','27609','eharris@email.com','919-555-0455','Raleigh','Yes- Special Offers Only','');
INSERT INTO `Customers` VALUES(50,'Chloe','Ford','3456 Glenwood Ave.','NC','27608','chloedit@email.com','919-555-0464','Raleigh','Yes- Special Offers Only','');
INSERT INTO `Customers` VALUES(51,'Juanita','Harris','43 Prosperity Way','NC','27603','juaniii@email.com','919-555-0475','Raleigh','No','');
INSERT INTO `Customers` VALUES(52,'Denver','Ferguson','856 Cook St.','NC','27605','denverferg@email.com','919-555-0402','Raleigh','No','');
INSERT INTO `Customers` VALUES(53,'John','Emory','99 Hillsborough St.','NC','27529','emoryj@email.com','919-555-0007','Garner','Yes- Special Offers Only','');
INSERT INTO `Customers` VALUES(54,'Ebony','Farmer','872 W. Morgan St.','NC','27609','ebonique@email.com','919-555-5040','Raleigh','Yes- Special Offers Only','');
INSERT INTO `Customers` VALUES(55,'Kim','Doe','553 Wayne St.','NC','27612','kdoe@email.com','919-555-5560','Raleigh','No','');
INSERT INTO `Customers` VALUES(56,'Coretta','Diaz','781 Bloodsworth St.','NC','27609','corettadee@email.com','919-555-5721','Raleigh','No','');
INSERT INTO `Customers` VALUES(57,'Victor','Denver','31 St. Mary''s St.','NC','27609','vickdenver@email.com','919-555-5470','Raleigh','No','');
INSERT INTO `Customers` VALUES(58,'Hamish','David','21 Cameron Ct.','NC','27603','hamman@email.com','919-555-6580','Raleigh','No','');
INSERT INTO `Customers` VALUES(59,'Erin','Counts','763 E. West St.','NC','27608','ecounts@email.com','919-555-5070','Raleigh','Yes- Special Offers Only','');
INSERT INTO `Customers` VALUES(60,'Harris','Collman','455 E. Edenton St.','NC','27608','harrisc@email.com','919-555-0570','Raleigh','Yes- Special Offers Only','');
INSERT INTO `Customers` VALUES(61,'Melissa','Chantay','3201 Glenwood Ave. Unit C','NC','27615','chantayay@email.com','919-555-5750','Raleigh','No','');
INSERT INTO `Customers` VALUES(62,'Emmanual','Colin','11 Sassafras Way','NC','27603','oemmanual@email.com','919-555-0575','Raleigh','Yes- Special Offers Only','');
INSERT INTO `Customers` VALUES(63,'Illa','Carlson','563 Oberlin Rd.','NC','27609','illac@email.com','919-555-0668','Raleigh','Yes- Special Offers Only','');
INSERT INTO `Customers` VALUES(64,'Tyrone','Rodgers','453 Pine St.','NC','27603','tyroner@email.com','919-555-0870','Raleigh','No','');
INSERT INTO `Customers` VALUES(65,'Roger','Robinson','634 Oak Ave.','NC','27612','rogrob@email.com','919-555-6860','Raleigh','Yes- Special Offers Only','');
INSERT INTO `Customers` VALUES(66,'Robert','Jenkins','44 Hickory Rd.','NC','27612','rjenks@email.com','919-555-6807','Raleigh','No','');
INSERT INTO `Customers` VALUES(67,'Joy','Zachman','897 Lee St.','NC','27609','jzman@email.com','919-555-0858','Raleigh','Yes- Special Offers Only','');
INSERT INTO `Customers` VALUES(68,'Frances','Trenton','901 Kenan Rd.','NC','27609','grammasangels@email.com','919-555-0509','Raleigh','No','');
INSERT INTO `Customers` VALUES(69,'Latavia','Rienstra','3 McIver Ct.','NC','27607','latayy@email.com','919-555-7780','Raleigh','Yes- Special Offers Only','');
INSERT INTO `Customers` VALUES(70,'Kurtis','Temple','173 Cobb Rd.','NC','27609','kurtemple@email.com','919-555-8704','Raleigh','No','');
INSERT INTO `Customers` VALUES(71,'Lashaunda','White','211 Hinton St.','NC','27607','la_shaun@email.com','919-555-7895','Raleigh','No','');
INSERT INTO `Customers` VALUES(72,'Lieselotte','Tempie','12 Spencer Ave.','NC','27517','lieselotte@email.com','919-555-4789','Chapel Hill','No','');
INSERT INTO `Customers` VALUES(73,' Sula','Smart','56 Dey Rd.','NC','27609','sulas@email.com','919-555-4562','Raleigh','No','');
INSERT INTO `Customers` VALUES(74,'Jude','Smith','929 Greenlaw Dr.','NC','27609','judesm@email.com','919-555-4265','Raleigh','No','');
INSERT INTO `Customers` VALUES(75,'Katharine','Kellerman','76 Murphy Ave.','NC','27513','katharine_kellerman@email.com','919-555-4526','Cary','No','');
INSERT INTO `Customers` VALUES(76,'Ruiari','O''Brien','100 Aycock St.','NC','27615','ruiaribig@email.com','919-555-4124','Raleigh','No','');
INSERT INTO `Customers` VALUES(77,'Tyra','Kirby','8700 Stacey Rd.','NC','27607','notthattyra@email.com','919-555-4354','Raleigh','No','');
INSERT INTO `Customers` VALUES(78,'Michiko','Akiwana','901 Glenwood Ave.','NC','27609','michichan@email.com','919-555-4102','Raleigh','No','');
INSERT INTO `Customers` VALUES(79,'Betty','Potter','80 Greene St.','NC','27615','bettyandjack@email.com','919-555-4021','Raleigh','No','');
INSERT INTO `Customers` VALUES(80,'Elizabeth','Loges','44 Steven Rd.','NC','27606','lizzyloges@email.com','919-555-4780','Raleigh','No','');
INSERT INTO `Customers` VALUES(81,'Janie','Widby','3100 St. Mark''s St.','NC','27615','janie56@email.com','919-555-1025','Raleigh','No','');
INSERT INTO `Customers` VALUES(82,'Trudy','Brie','25 Hillsborough St.','NC','27609','trudywife@email.com','919-555-1021','Raleigh','No','');
INSERT INTO `Customers` VALUES(83,'Jane','Sterling','331 W. Hargett St.','NC','27609','rogersjane@email.com','919-555-1026','Raleigh','No','');
INSERT INTO `Customers` VALUES(84,'Magda','Sremski','98 Tyler St.','NC','27612','magdayum@email.com','919-555-1024','Raleigh','No','');
INSERT INTO `Customers` VALUES(85,'Peggy','Moss','1130 Jackson St.','NC','27609','peggycopywriter@email.com','919-555-1478','Raleigh','No','');
INSERT INTO `Customers` VALUES(86,'Elisabeth','Olsen','4325 W. King St.','NC','27529','lissyolsen@email.com','919-555-1475','Garner','No','');
INSERT INTO `Customers` VALUES(87,' Robert','Armisen','21 MLK Blvd.','NC','27514','robarmisen@email.com','919-555-1452','Chapel Hill','No','');
INSERT INTO `Customers` VALUES(88,'Don','Hamm','1221 Coretta Scott Way','NC','27513','donhamm@email.com','919-555-1458','Cary','No','');
INSERT INTO `Customers` VALUES(89,'Roger','Slattery','82 Parks St.','NC','27609','rslat@email.com','919-555-1456','Raleigh','No','');
INSERT INTO `Customers` VALUES(90,'Joan','Hendricks','60 Glenwood Ave Apt E106','NC','27607','joanie@email.com','919-555-1459','Raleigh','No','');
INSERT INTO `Customers` VALUES(91,'Pete','Karthiser','98 Pale View Rd.','NC','27609','karthiser@email.com','919-555-1453','Raleigh','No','');
INSERT INTO `Customers` VALUES(92,'Raphaelle','Duvalier','922 Hill St.','NC','27609','raphduvalier@email.com','919-555-1547','Raleigh','No','');
INSERT INTO `Customers` VALUES(93,'Bruno','D''Haussy','21 Bird St.','NC','27603','brunodh@email.com','919-555-1548','Raleigh','No','');
INSERT INTO `Customers` VALUES(94,'Margot','D''Illiers','532 Chronicle Way','NC','27615','margotmdr@email.com','919-555-1542','Raleigh','No','');
INSERT INTO `Customers` VALUES(95,'Florent','Marais','53 Ada St.','NC','27607','florentdit@email.com','919-555-1587','Raleigh','No','');
INSERT INTO `Customers` VALUES(96,'Erwan','Haussman','918 Lonesome Dove Rd.','NC','27609','ptiterwan@email.com','919-555-1574','Raleigh','No','');
INSERT INTO `Customers` VALUES(97,'Rodrigue','Bolougne','49 Mockingbird Way','NC','27607','rody@email.com','919-555-1578','Raleigh','No','');
INSERT INTO `Customers` VALUES(98,'Alix','Mars','9211 Dolores Rd.','NC','27608','alixla@email.com','919-555-1589','Raleigh','No','');
INSERT INTO `Customers` VALUES(99,'Camille','Germain','902 Haze St.','NC','27606','camillge@email.com','919-555-1586','Raleigh','No','');
INSERT INTO `Customers` VALUES(100,'Capucine','Desetoiles','122 MLK Blvd','NC','27609','capustar@email.com','919-555-1563','Raleigh','No','');
INSERT INTO `Customers` VALUES(101,'Colombane','Lafleur','48 St. Louis Way','NC','27615','colomblafleur@email.com','919-555-1562','Raleigh','No','Rude!');
INSERT INTO `Customers` VALUES(102,'Theodore','Achi','120 Baker St.','NC','27609','tachi@email.com','919-555-1530','Raleigh','No','');
INSERT INTO `Customers` VALUES(103,'Remy','Labiere','910 Mint St.','NC','27714','remybeer@email.com','919-555-1536','Durham','No','');
INSERT INTO `Customers` VALUES(104,'Lebron','Wade','1002 Parsley Way','NC','27605','lebron@email.com','919-555-1520','Raleigh','No','');
INSERT INTO `Customers` VALUES(105,'Dwyane','James','4221 Basil Ct.','NC','27513','dwyane@email.com','919-555-1526','Cary','No','');
INSERT INTO `Customers` VALUES(106,'Joakim','Love','449 Thyme Ln.','NC','27609','joakimjoking@email.com','919-555-1524','Raleigh','No','');
INSERT INTO `Customers` VALUES(107,'Kevin','Noah','41 Pepper Rd.','NC','27603','kno@email.com','919-555-1523','Raleigh','No','');
INSERT INTO `Customers` VALUES(108,'Blake','Bryant','536 Abbey Rd.','NC','27609','blakeyblake@email.com','919-555-1502','Raleigh','No','');
INSERT INTO `Customers` VALUES(109,'Kobe','Griffins','789 Penny Ln.','NC','27609','kobegrif@email.com','919-555-1018','Raleigh','No','');
INSERT INTO `Customers` VALUES(110,'Michael','Turkolou','4 Strawberry Ct.','NC','27615','elturk@email.com','919-555-1020','Raleigh','No','');
INSERT INTO `Customers` VALUES(111,'Hedo','Jordan','637 Lucy Ln.','NC','27609','hedohedo@email.com','919-555-0012','Raleigh','No','');
INSERT INTO `Customers` VALUES(112,'Dwight','Parker','8 Rocky Way','NC','27609','dparker@email.com','919-555-1002','Raleigh','No','');
INSERT INTO `Customers` VALUES(113,'Tony','Howard','1831 Rubber Rd.','NC','27608','tonyhoward@email.com','919-555-1032','Raleigh','No','');
INSERT INTO `Customers` VALUES(114,'Kendra','Rosche','129 Anna St.','NC','27607','krosche@email.com','919-555-1054','Raleigh','No','');
INSERT INTO `Customers` VALUES(115,'Jedd','Fish','62 Glenwood Ave Apt A255','NC','27609','fish_jedd@email.com','919-555-1580','Raleigh','No','');
INSERT INTO `Customers` VALUES(116,'Julie','Tilley','79 Murphy Ave.','NC','27609','juilley@email.com','919-555-1058','Raleigh','No','');
INSERT INTO `Customers` VALUES(117,'Jeanne','Daugherty','105 Aycock St.','NC','27514','jdot@email.com','919-555-1096','Chapel Hill','No','');
INSERT INTO `Customers` VALUES(118,'Jake','Szypulski','87 Stacey Rd.','NC','27609','jszyp@email.com','919-555-1074','Raleigh','No','');
INSERT INTO `Customers` VALUES(119,'Eric','Oglesby','91 Glenwood Ave.','NC','27701','eoglesby@email.com','919-555-2085','Durham','No','');
INSERT INTO `Customers` VALUES(120,'Jacek','Slobodowski','7 Greene St.','NC','27513','jacekslo@email.com','919-555-3021','Cary','No','');
INSERT INTO `Customers` VALUES(121,'Filip','Piatek','99 Steven Rd.','NC','27607','piatekfil@email.com','919-555-1088','Raleigh','No','');
INSERT INTO `Customers` VALUES(122,'Lew','Riley','31 St. Mark''s St.','NC','27609','lewisriley@email.com','919-555-8050','Raleigh','No','');
INSERT INTO `Customers` VALUES(123,'Maciej','Pajak','21 Hillsborough St. Apt. 6','NC','27605','maciej@email.com','919-555-9059','Raleigh','No','');
INSERT INTO `Customers` VALUES(124,'Andrew','Bedinger','28 Juliane St.','NC','27609','andrewbed@email.com','919-555-1045','Raleigh','No','');
INSERT INTO `Customers` VALUES(125,'George','Wein','33 Bartholomew Ln.','NC','27615','gwein@email.com','919-555-3302','Raleigh','No','');
INSERT INTO `Customers` VALUES(126,'Dane','Raught','54 Micah Rd.','NC','27608','rdane@email.com','919-555-0557','Raleigh','No','');
INSERT INTO `Customers` VALUES(127,'Ed','Bradshaw','3221 St. Matthew''s St.','NC','27608','bredshaw@email.com','919-555-0647','Raleigh','No','');
INSERT INTO `Customers` VALUES(128,'Will','Martel','910 Elizabeth Lane','NC','27612','willmartel@email.com','919-555-0356','Raleigh','No','');
INSERT INTO `Customers` VALUES(129,'Yann','Augerot','88 Carolina Rd.','NC','27603','augeryann@email.com','919-555-0657','Raleigh','No','');
INSERT INTO `Customers` VALUES(130,'Kellen','Leigh','12 Florida St.','NC','27609','kellenleigh@email.com','919-555-0687','Raleigh','No','');
INSERT INTO `Customers` VALUES(131,'Andrzej','Wujek','424 Georgia Ct.','NC','27606','andrzej@email.com','919-555-0450','Raleigh','No','');
INSERT INTO `Customers` VALUES(132,'Jaquon','Whitty','82 Massachusetts Ave.','NC','27609','jaqqq@email.com','919-555-0500','Raleigh','No','');
INSERT INTO `Customers` VALUES(133,'Zavion','Storey','1834 Dakota St.','NC','27714','zavistor@email.com','919-555-0578','Durham','No','');
INSERT INTO `Customers` VALUES(134,'Jar''Nae','Bryson','2 Vermont Rd.','NC','27609','jar.nae@email.com','919-555-0576','Raleigh','No','');
INSERT INTO `Customers` VALUES(135,'Takevia','Watson','9244 Pennsylvania St.','NC','27609','takewats@email.com','919-555-0579','Raleigh','No','');
INSERT INTO `Customers` VALUES(136,'Xy''nya','Bell','23 Colorado Ct.','NC','27615','xynia@email.com','919-555-0758','Raleigh','No','');
INSERT INTO `Customers` VALUES(137,'Kle''Aija','White','911 Oregon Tr.','NC','27513','kleaija@email.com','919-555-0213','Cary','No','');
INSERT INTO `Customers` VALUES(138,'Lane','Hollings','7 Mississippi Ln.','NC','27607','lhollings@email.com','919-555-0214','Raleigh','No','');
INSERT INTO `Customers` VALUES(139,'Matthew','Tappen','44 Connecticut Blvd.','NC','27609','mattapp@email.com','919-555-0324','Raleigh','No','');
INSERT INTO `Customers` VALUES(140,'Alyssa','Ullman','3321  Bronwen Ct.','NC','27609','allyulls@email.com','919-555-5778','Raleigh','No','');
INSERT INTO `Customers` VALUES(141,'Ta''Nyia','Jackson','40 Virginia Rd.','NC','27605','taniyaj@email.com','919-555-5998','Raleigh','No','');
INSERT INTO `Customers` VALUES(142,'I''mmoni','Price','788 Cudie Ln.','NC','27609','immonioni@email.com','919-555-6882','Raleigh','No','');
INSERT INTO `Customers` VALUES(143,'Laila','Blue','7 New St.','NC','27601','lblue@email.com','919-555-6100','Raleigh','No','');
INSERT INTO `Customers` VALUES(144,'Makeda','Niebo','412 Dean St.','NC','27601','niebom@email.com','919-555-6540','Raleigh','No','');
INSERT INTO `Customers` VALUES(145,'Xiaoxi','Zheng','90 Hillsborough St.','NC','27603','askxiaoxi@email.com','919-555-2786','Raleigh','No','');
INSERT INTO `Customers` VALUES(146,'Xiaolin','Tu','1243  W. Morgan St.','NC','27609','tuxi@email.com','919-555-2005','Raleigh','No','');
INSERT INTO `Customers` VALUES(147,'Magda','Sremski','544 Wayne St.','NC','27612','gollymissmolly@email.com','919-555-4001','Raleigh','No','');
INSERT INTO `Customers` VALUES(148,'Hugh','Jodey','531 Bloodsworth St.','NC','27607','hugeodie@email.com','919-555-1001','Raleigh','No','');
INSERT INTO `Customers` VALUES(149,'Sasha','Bright','4 St. Mary''s St.','NC','27607','sbright@email.com','919-555-1400','Raleigh','No','');
INSERT INTO `Customers` VALUES(150,'Brigit','Sigrudsdatter','55 Cameron Ct.','NC','27514','brigitsigrudsdatter@email.com','919-555-0089','Cary','No','');
INSERT INTO `Customers` VALUES(151,'Vladimir','Tolstoy','19 E. West St.','NC','27609','vladtol@email.com','919-555-0033','Raleigh','No','');
INSERT INTO `Customers` VALUES(152,'Leo','Nabokov','532 E. Edenton St.','NC','27609','leonabo@email.com','919-555-0444','Raleigh','No','');
INSERT INTO `Customers` VALUES(153,'Carson','Woolf','3541 Glenwood Ave. Unit C','NC','27615','carsonwoolf@email.com','919-555-0440','Raleigh','No','');
INSERT INTO `Customers` VALUES(154,'Virginia','McCullers','98 Sassafras Way','NC','27601','virgymcullers@email.com','919-555-0142','Raleigh','No','');
INSERT INTO `Customers` VALUES(155,'Graham','Dosty','43 Oberlin Rd.','NC','27609','dosty@email.com','919-555-0047','Raleigh','No','');
INSERT INTO `Customers` VALUES(156,'Fyodor','Greene','54 Pine St.','NC','27608','fyodoro@email.com','919-555-9000','Raleigh','No','');
INSERT INTO `Customers` VALUES(157,'Haruki','Ido','63 Oak Ave.','NC','27616','harukido@email.com','919-555-8000','Raleigh','No','');
INSERT INTO `Customers` VALUES(158,'Thornton','Lee','411 Hickory Rd.','NC','27609','thorntonly@email.com','919-555-7000','Raleigh','No','');
INSERT INTO `Customers` VALUES(159,'Harper','Wilder','843 Lee St.','NC','27605','harperwild@email.com','919-555-6006','Raleigh','No','');
INSERT INTO `Customers` VALUES(160,'Langston','Brooks','971 Kenan Rd.','NC','27529','langstonb@email.com','919-555-5000','Garner','No','');
INSERT INTO `Customers` VALUES(161,'Gwendolyn','Hughes','334 McIver Ct.','NC','27514','gwendolynlambhughes@email.com','919-555-4000','Chapel Hill','No','');
INSERT INTO `Customers` VALUES(162,'Maya','Kafka','453 Cobb Rd.','NC','27608','mayakaf@email.com','919-555-2899','Raleigh','No','');
INSERT INTO `Customers` VALUES(163,'Franz','Angelou','291 Hinton St.','NC','27607','franzangelou@email.com','919-555-2000','Raleigh','No','');
INSERT INTO `Customers` VALUES(164,'Sawyer','Brown','125 Spencer Ave.','NC','27609','sawyerb@email.com','919-555-1000','Raleigh','No','');
INSERT INTO `Customers` VALUES(165,'Jack','Ford','568 Dey Rd.','NC','27615','jfford@email.com','919-555-0999','Raleigh','No','');
INSERT INTO `Customers` VALUES(166,'Kate','Locke','8779 Greenlaw Dr.','NC','27606','katelocke@email.com','919-555-0998','Raleigh','No','');
INSERT INTO `Customers` VALUES(167,'John','Broad','7 Murphy Ave.','NC','27615','jbroad@email.com','919-555-0997','Raleigh','No','');
INSERT INTO `Customers` VALUES(168,'Shannon','Opley','97 Aycock St.','NC','27609','shopley@email.com','919-555-0666','Raleigh','No','');
INSERT INTO `Customers` VALUES(169,'Peter','Demarcy','70 Stacey Rd.','NC','27609','demarcypete@email.com','919-555-0665','Raleigh','No','');
INSERT INTO `Customers` VALUES(170,'Walt','James','67 East Walker Dr.','NC','27609','walterrjames@email.com','919-555-6640','Raleigh','No','');
INSERT INTO `Customers` VALUES(171,'Sayid','Rayeen','7549 Brewer St.','NC','27608','sayid84@email.com','919-555-0664','Raleigh','No','');
INSERT INTO `Customers` VALUES(172,'Hugo','Ramierez','222 St. George Ave.','NC','27609','hellohugo@email.com','919-555-0663','Raleigh','No','');
INSERT INTO `Customers` VALUES(173,'David','Barrett','430 Hill St.','NC','27609','cataleeeeen@email.com','919-555-0662','Raleigh','No','');
INSERT INTO `Customers` VALUES(174,'Benjamin','Linus','3 Solo Ln.','NC','27607','evilben@email.com','919-555-0661','Raleigh','No','');
INSERT INTO `Customers` VALUES(175,'Cassandra','Rousseau','443 Cypress Cr.','NC','27615','cassierousseau@email.com','919-555-0660','Raleigh','No','');
INSERT INTO `Customers` VALUES(176,'Esther','Yaron','166 Hodge Ln.','NC','27608','estheryaron@email.com','919-555-3000','Raleigh','No','');
INSERT INTO `Customers` VALUES(177,'Anisa','Naser','62 Huntington St.','NC','27601','anaser@email.com','919-555-3001','Raleigh','No','');
INSERT INTO `Customers` VALUES(178,'Brigid','Ellison','256 Newman Dr.','NC','27601','briggyellison@email.com','919-555-3002','Raleigh','No','');
INSERT INTO `Customers` VALUES(179,'Melissa','White','906 Miller Ln.','NC','27612','mwhite@email.com','919-555-3003','Raleigh','No','');
INSERT INTO `Customers` VALUES(180,'Malik','Reynolds','457 Denver Rd.','NC','27601','mreynolds@email.com','919-555-3004','Raleigh','No','');
INSERT INTO `Customers` VALUES(181,'Windy','Shaw','8 Chavez St.','NC','27609','mreynolds@email.com','919-555-3005','Raleigh','No','');
INSERT INTO `Customers` VALUES(182,'Christopher','Peyton-Gomez','16 Jupe Dr.','NC','27612','shawywind@email.com','919-555-3006','Raleigh','No','');
INSERT INTO `Customers` VALUES(183,'Michael','Lazar','8 July Ave.','NC','27513','chrispg@email.com','919-555-3007','Raleigh','No','');
INSERT INTO `Customers` VALUES(184,'Christiana','Chen','12 Hill Top Dr.','NC','27609','laserlazar@email.com','919-555-3008','Raleigh','No','');
INSERT INTO `Customers` VALUES(185,'Sidney','Kelly','66 North St.','NC','27609','chencris@email.com','919-555-3009','Raleigh','No','');
INSERT INTO `Customers` VALUES(186,'Chevonne','Means','97 West St.','NC','27601','sidkelly@email.com','919-555-7008','Raleigh','No','');
INSERT INTO `Customers` VALUES(187,'Samantha','Bell','75 Venice Ct.','NC','27609','chevvymeans@email.com','919-555-7009','Raleigh','No','');
INSERT INTO `Customers` VALUES(188,'Nathan','Albee','76-C Meadowview Ln.','NC','27601','samabell@email.com','919-555-7010','Raleigh','No','');
INSERT INTO `Customers` VALUES(189,'Avery','Kelly','32 North Luke Ct.','NC','27616','natealbee@email.com','919-555-7011','Raleigh','No','');
INSERT INTO `Customers` VALUES(190,'Matt','Benson','69-B Chapel Ct.','NC','27616','kavery@email.com','919-555-7012','Raleigh','No','');
INSERT INTO `Customers` VALUES(191,'Gabriel','Del Toro','92 Garden Plow Way','NC','27609','bensonm@email.com','919-555-1023','Raleigh','No','');
INSERT INTO `Customers` VALUES(192,'James','Panarello','198 Jackson St.','NC','27616','gabidt@email.com','919-555-7023','Raleigh','No','');
INSERT INTO `Customers` VALUES(193,'Chantal','Weller','234 W. King St.','NC','27608','panarello@email.com','919-555-7024','Raleigh','No','');
INSERT INTO `Customers` VALUES(194,'Derek','MacDonald','243 MLK Blvd.','NC','27707','youngmacdonald@email.com','919-555-7025','Chapel Hill','No','');
INSERT INTO `Customers` VALUES(195,'Kris','Ackerman','1311 Coretta Scott Way','NC','27605','krack@email.com','919-555-7068','Raleigh','No','');
INSERT INTO `Customers` VALUES(196,'Jordan','Weller','8 Parks St.','NC','27609','jwell@email.com','919-555-7069','Raleigh','No','');
INSERT INTO `Customers` VALUES(197,'Regina','Olivera','60 Glenwood Ave Apt A121','NC','27701','queenregina@email.com','919-555-7070','Durham','No','');
INSERT INTO `Customers` VALUES(198,'Alex','Yuen','8 Marcus Ln.','NC','27513','yualex@email.com','919-555-8080','Cary','No','');
INSERT INTO `Customers` VALUES(199,'Lia','Richards','890 Garvey St.','NC','27714','lialialia@email.com','919-555-9090','Durham','No','');
INSERT INTO `Customers` VALUES(200,'Karla','Nichols','981 DuBois Ct.','NC','27609','karlacheer92@email.com','919-555-4040','Durham','No','');
INSERT INTO `Customers` VALUES(201,'Tyrese','Hanlon','31 Crispus Ct. Apt B','NC','27513','tyreezzz@email.com','919-555-5050','Cary','No','');
INSERT INTO `Customers` VALUES(202,'Juan','Flores','122 Luna St.','NC','27714','juanflo@email.com','919-555-6060','Durham','No','');
INSERT INTO `Customers` VALUES(204,'Tobias','Inman','34 Peace St.','NC','27603','toby@email.com','919-555-0000','Raleigh','No','Allergic to everything');
INSERT INTO `Customers` VALUES(205,'Teyonah','Lamb','321 Home Dr.','NC','27603','tlamb@email.com','919-555-8801','Raleigh','No','');
INSERT INTO `Customers` VALUES(206,'Gregoire','Pick','604 Hatsy Way','NC','28203','gre@email.com','336-555-3132','Charlotte','No','');
INSERT INTO `Customers` VALUES(207,'Mallary','Pont','91 Julianna Way','NC','28201','charchar@email.com','336-555-2211','Charlotte','No','');
INSERT INTO `Customers` VALUES(208,'Rajeev','Parthasarathy','1009 Raleigh Street','NC','27278','rajey@email.com','919-555-0321','Hillsborough','No','');
INSERT INTO `Customers` VALUES(209,'Will','Good','38 Learnfree St.','NC','27701','','919-555-9455','Raleigh','No','');
INSERT INTO `Customers` VALUES(212,'David','Barrett','434 Hill St.','NC','27609','davidbarrett@email.com','919-555-0662','Raleigh','No','');
CREATE TABLE Menu_Items (ID INTEGER NULL, ProductID INTEGER NULL, SalesUnitID INTEGER NULL, Price REAL NULL);
INSERT INTO `Menu_Items` VALUES(6,35,1,22.0);
INSERT INTO `Menu_Items` VALUES(7,9,1,22.0);
INSERT INTO `Menu_Items` VALUES(8,10,1,22.0);
INSERT INTO `Menu_Items` VALUES(9,11,1,22.0);
INSERT INTO `Menu_Items` VALUES(10,12,1,22.0);
INSERT INTO `Menu_Items` VALUES(11,13,1,22.0);
INSERT INTO `Menu_Items` VALUES(12,14,1,22.0);
INSERT INTO `Menu_Items` VALUES(13,15,1,22.0);
INSERT INTO `Menu_Items` VALUES(14,16,1,22.0);
INSERT INTO `Menu_Items` VALUES(15,17,1,22.0);
INSERT INTO `Menu_Items` VALUES(16,18,1,22.0);
INSERT INTO `Menu_Items` VALUES(17,19,1,22.0);
INSERT INTO `Menu_Items` VALUES(18,20,1,22.0);
INSERT INTO `Menu_Items` VALUES(19,21,1,26.0);
INSERT INTO `Menu_Items` VALUES(20,22,1,28.0);
INSERT INTO `Menu_Items` VALUES(21,23,1,24.0);
INSERT INTO `Menu_Items` VALUES(22,24,1,24.0);
INSERT INTO `Menu_Items` VALUES(23,25,1,24.0);
INSERT INTO `Menu_Items` VALUES(24,26,1,24.0);
INSERT INTO `Menu_Items` VALUES(25,27,1,24.0);
INSERT INTO `Menu_Items` VALUES(26,28,1,24.0);
INSERT INTO `Menu_Items` VALUES(27,29,1,24.0);
INSERT INTO `Menu_Items` VALUES(28,30,1,32.0);
INSERT INTO `Menu_Items` VALUES(30,46,1,1.5);
INSERT INTO `Menu_Items` VALUES(31,46,2,7.5);
INSERT INTO `Menu_Items` VALUES(32,46,3,14.0);
INSERT INTO `Menu_Items` VALUES(33,47,1,1.5);
INSERT INTO `Menu_Items` VALUES(34,47,2,7.5);
INSERT INTO `Menu_Items` VALUES(35,47,3,14.0);
INSERT INTO `Menu_Items` VALUES(36,58,1,1.5);
INSERT INTO `Menu_Items` VALUES(37,58,2,7.5);
INSERT INTO `Menu_Items` VALUES(38,58,3,14.0);
INSERT INTO `Menu_Items` VALUES(39,59,1,1.5);
INSERT INTO `Menu_Items` VALUES(40,59,2,7.5);
INSERT INTO `Menu_Items` VALUES(41,59,3,14.0);
INSERT INTO `Menu_Items` VALUES(42,60,1,1.5);
INSERT INTO `Menu_Items` VALUES(43,60,2,7.5);
INSERT INTO `Menu_Items` VALUES(44,60,3,14.0);
INSERT INTO `Menu_Items` VALUES(45,61,1,1.5);
INSERT INTO `Menu_Items` VALUES(46,61,2,7.5);
INSERT INTO `Menu_Items` VALUES(47,61,3,14.0);
INSERT INTO `Menu_Items` VALUES(48,62,1,1.5);
INSERT INTO `Menu_Items` VALUES(49,62,2,7.5);
INSERT INTO `Menu_Items` VALUES(50,62,3,14.0);
INSERT INTO `Menu_Items` VALUES(51,63,1,1.5);
INSERT INTO `Menu_Items` VALUES(52,63,2,7.5);
INSERT INTO `Menu_Items` VALUES(53,63,3,14.0);
INSERT INTO `Menu_Items` VALUES(54,64,1,1.5);
INSERT INTO `Menu_Items` VALUES(55,64,2,7.5);
INSERT INTO `Menu_Items` VALUES(56,64,3,14.0);
INSERT INTO `Menu_Items` VALUES(57,65,1,2.0);
INSERT INTO `Menu_Items` VALUES(58,65,2,10.5);
INSERT INTO `Menu_Items` VALUES(59,65,3,19.0);
INSERT INTO `Menu_Items` VALUES(60,66,1,2.0);
INSERT INTO `Menu_Items` VALUES(61,66,2,10.5);
INSERT INTO `Menu_Items` VALUES(62,66,3,19.0);
INSERT INTO `Menu_Items` VALUES(63,67,1,2.0);
INSERT INTO `Menu_Items` VALUES(64,67,2,10.5);
INSERT INTO `Menu_Items` VALUES(65,67,3,19.0);
INSERT INTO `Menu_Items` VALUES(66,68,1,2.0);
INSERT INTO `Menu_Items` VALUES(67,68,2,10.5);
INSERT INTO `Menu_Items` VALUES(68,68,3,19.0);
INSERT INTO `Menu_Items` VALUES(69,69,1,2.0);
INSERT INTO `Menu_Items` VALUES(70,69,2,10.5);
INSERT INTO `Menu_Items` VALUES(71,69,3,19.0);
INSERT INTO `Menu_Items` VALUES(72,70,1,2.0);
INSERT INTO `Menu_Items` VALUES(73,70,2,10.5);
INSERT INTO `Menu_Items` VALUES(74,70,3,19.0);
INSERT INTO `Menu_Items` VALUES(75,31,1,2.5);
INSERT INTO `Menu_Items` VALUES(76,31,2,13.5);
INSERT INTO `Menu_Items` VALUES(77,31,3,24.0);
INSERT INTO `Menu_Items` VALUES(78,32,1,2.5);
INSERT INTO `Menu_Items` VALUES(79,32,2,13.5);
INSERT INTO `Menu_Items` VALUES(80,32,3,24.0);
INSERT INTO `Menu_Items` VALUES(81,33,1,2.5);
INSERT INTO `Menu_Items` VALUES(82,33,2,13.5);
INSERT INTO `Menu_Items` VALUES(83,33,3,24.0);
INSERT INTO `Menu_Items` VALUES(84,34,1,2.5);
INSERT INTO `Menu_Items` VALUES(85,34,2,13.5);
INSERT INTO `Menu_Items` VALUES(86,34,3,24.0);
INSERT INTO `Menu_Items` VALUES(87,35,1,2.5);
INSERT INTO `Menu_Items` VALUES(88,35,2,13.5);
INSERT INTO `Menu_Items` VALUES(89,35,3,24.0);
INSERT INTO `Menu_Items` VALUES(90,36,1,2.5);
INSERT INTO `Menu_Items` VALUES(91,36,2,13.5);
INSERT INTO `Menu_Items` VALUES(92,36,3,24.0);
INSERT INTO `Menu_Items` VALUES(93,37,1,2.5);
INSERT INTO `Menu_Items` VALUES(94,37,2,13.5);
INSERT INTO `Menu_Items` VALUES(95,37,3,24.0);
INSERT INTO `Menu_Items` VALUES(96,38,1,2.5);
INSERT INTO `Menu_Items` VALUES(97,38,2,13.5);
INSERT INTO `Menu_Items` VALUES(98,38,3,24.0);
INSERT INTO `Menu_Items` VALUES(99,39,1,2.5);
INSERT INTO `Menu_Items` VALUES(100,39,2,13.5);
INSERT INTO `Menu_Items` VALUES(101,39,3,24.0);
INSERT INTO `Menu_Items` VALUES(102,40,1,2.5);
INSERT INTO `Menu_Items` VALUES(103,40,2,13.5);
INSERT INTO `Menu_Items` VALUES(104,40,3,24.0);
INSERT INTO `Menu_Items` VALUES(105,41,1,2.5);
INSERT INTO `Menu_Items` VALUES(106,41,2,13.5);
INSERT INTO `Menu_Items` VALUES(107,41,3,24.0);
INSERT INTO `Menu_Items` VALUES(108,42,1,2.5);
INSERT INTO `Menu_Items` VALUES(109,42,2,13.5);
INSERT INTO `Menu_Items` VALUES(110,42,3,24.0);
INSERT INTO `Menu_Items` VALUES(111,43,1,3.0);
INSERT INTO `Menu_Items` VALUES(112,43,2,16.0);
INSERT INTO `Menu_Items` VALUES(113,43,3,30.0);
INSERT INTO `Menu_Items` VALUES(114,44,1,3.0);
INSERT INTO `Menu_Items` VALUES(115,44,2,16.0);
INSERT INTO `Menu_Items` VALUES(116,44,3,30.0);
INSERT INTO `Menu_Items` VALUES(117,45,1,3.0);
INSERT INTO `Menu_Items` VALUES(118,45,2,16.0);
INSERT INTO `Menu_Items` VALUES(119,45,3,30.0);
INSERT INTO `Menu_Items` VALUES(120,89,1,15.0);
INSERT INTO `Menu_Items` VALUES(121,90,1,15.0);
INSERT INTO `Menu_Items` VALUES(122,91,1,16.0);
INSERT INTO `Menu_Items` VALUES(123,92,1,16.0);
INSERT INTO `Menu_Items` VALUES(124,93,1,16.0);
INSERT INTO `Menu_Items` VALUES(125,94,1,16.0);
INSERT INTO `Menu_Items` VALUES(126,95,1,16.0);
INSERT INTO `Menu_Items` VALUES(127,96,1,16.0);
INSERT INTO `Menu_Items` VALUES(128,97,1,16.0);
INSERT INTO `Menu_Items` VALUES(129,98,1,16.0);
INSERT INTO `Menu_Items` VALUES(130,99,1,16.0);
INSERT INTO `Menu_Items` VALUES(131,100,1,17.0);
INSERT INTO `Menu_Items` VALUES(132,101,1,17.0);
INSERT INTO `Menu_Items` VALUES(133,102,1,17.0);
INSERT INTO `Menu_Items` VALUES(134,103,1,17.0);
INSERT INTO `Menu_Items` VALUES(135,104,1,17.0);
INSERT INTO `Menu_Items` VALUES(136,105,1,17.0);
INSERT INTO `Menu_Items` VALUES(138,73,1,1.5);
INSERT INTO `Menu_Items` VALUES(139,73,2,7.5);
INSERT INTO `Menu_Items` VALUES(140,73,3,14.0);
INSERT INTO `Menu_Items` VALUES(141,74,1,2.5);
INSERT INTO `Menu_Items` VALUES(142,74,2,13.5);
INSERT INTO `Menu_Items` VALUES(143,74,3,24.0);
INSERT INTO `Menu_Items` VALUES(144,75,1,3.0);
INSERT INTO `Menu_Items` VALUES(145,75,2,16.0);
INSERT INTO `Menu_Items` VALUES(146,75,3,30.0);
INSERT INTO `Menu_Items` VALUES(147,76,1,3.0);
INSERT INTO `Menu_Items` VALUES(148,76,2,16.0);
INSERT INTO `Menu_Items` VALUES(149,76,3,30.0);
INSERT INTO `Menu_Items` VALUES(150,77,1,3.0);
INSERT INTO `Menu_Items` VALUES(151,77,2,16.0);
INSERT INTO `Menu_Items` VALUES(152,77,3,30.0);
INSERT INTO `Menu_Items` VALUES(153,78,1,3.0);
INSERT INTO `Menu_Items` VALUES(154,78,2,16.0);
INSERT INTO `Menu_Items` VALUES(155,78,3,30.0);
INSERT INTO `Menu_Items` VALUES(156,79,1,3.0);
INSERT INTO `Menu_Items` VALUES(157,79,2,16.0);
INSERT INTO `Menu_Items` VALUES(158,79,3,30.0);
INSERT INTO `Menu_Items` VALUES(159,80,1,3.5);
INSERT INTO `Menu_Items` VALUES(160,80,2,19.0);
INSERT INTO `Menu_Items` VALUES(161,80,3,34.0);
INSERT INTO `Menu_Items` VALUES(162,81,1,3.5);
INSERT INTO `Menu_Items` VALUES(163,81,2,19.0);
INSERT INTO `Menu_Items` VALUES(164,81,3,34.0);
INSERT INTO `Menu_Items` VALUES(165,82,1,1.5);
INSERT INTO `Menu_Items` VALUES(166,82,2,7.5);
INSERT INTO `Menu_Items` VALUES(167,82,3,14.0);
INSERT INTO `Menu_Items` VALUES(168,83,1,4.0);
INSERT INTO `Menu_Items` VALUES(171,84,1,3.0);
INSERT INTO `Menu_Items` VALUES(172,84,2,16.0);
INSERT INTO `Menu_Items` VALUES(173,84,3,30.0);
INSERT INTO `Menu_Items` VALUES(174,85,1,2.0);
INSERT INTO `Menu_Items` VALUES(175,85,2,10.5);
INSERT INTO `Menu_Items` VALUES(176,85,3,19.0);
INSERT INTO `Menu_Items` VALUES(177,86,3,2.0);
INSERT INTO `Menu_Items` VALUES(178,86,2,10.5);
INSERT INTO `Menu_Items` VALUES(179,86,3,19.0);
INSERT INTO `Menu_Items` VALUES(180,87,1,2.5);
INSERT INTO `Menu_Items` VALUES(181,87,2,13.5);
INSERT INTO `Menu_Items` VALUES(182,87,3,24.0);
INSERT INTO `Menu_Items` VALUES(183,88,1,3.0);
INSERT INTO `Menu_Items` VALUES(184,88,2,16.0);
INSERT INTO `Menu_Items` VALUES(185,88,3,30.0);
CREATE TABLE Order_Items (ID INTEGER NULL, OrderID INTEGER NULL, MenuItemID INTEGER NULL, Quantity TEXT NULL);
INSERT INTO `Order_Items` VALUES(7,5,179,'1');
INSERT INTO `Order_Items` VALUES(8,5,33,'2');
INSERT INTO `Order_Items` VALUES(9,6,6,'1');
INSERT INTO `Order_Items` VALUES(10,7,19,'2');
INSERT INTO `Order_Items` VALUES(11,7,54,'3');
INSERT INTO `Order_Items` VALUES(12,7,34,'1');
INSERT INTO `Order_Items` VALUES(13,7,156,'1');
INSERT INTO `Order_Items` VALUES(14,5,63,'1');
INSERT INTO `Order_Items` VALUES(15,5,73,'1');
INSERT INTO `Order_Items` VALUES(16,8,185,'2');
INSERT INTO `Order_Items` VALUES(17,8,167,'4');
INSERT INTO `Order_Items` VALUES(18,8,152,'2');
INSERT INTO `Order_Items` VALUES(19,8,89,'2');
INSERT INTO `Order_Items` VALUES(20,8,149,'2');
INSERT INTO `Order_Items` VALUES(21,8,146,'2');
INSERT INTO `Order_Items` VALUES(22,8,19,'3');
INSERT INTO `Order_Items` VALUES(23,8,98,'2');
INSERT INTO `Order_Items` VALUES(24,9,12,'1');
INSERT INTO `Order_Items` VALUES(25,11,19,'1');
INSERT INTO `Order_Items` VALUES(26,11,16,'1');
INSERT INTO `Order_Items` VALUES(27,12,65,'1');
INSERT INTO `Order_Items` VALUES(28,13,50,'1');
INSERT INTO `Order_Items` VALUES(29,13,38,'1');
INSERT INTO `Order_Items` VALUES(30,13,10,'1');
INSERT INTO `Order_Items` VALUES(31,14,183,'1');
INSERT INTO `Order_Items` VALUES(32,14,168,'1');
INSERT INTO `Order_Items` VALUES(33,15,28,'1');
INSERT INTO `Order_Items` VALUES(34,15,18,'1');
INSERT INTO `Order_Items` VALUES(35,15,62,'2');
INSERT INTO `Order_Items` VALUES(36,15,104,'1');
INSERT INTO `Order_Items` VALUES(37,15,92,'1');
INSERT INTO `Order_Items` VALUES(38,15,173,'1');
INSERT INTO `Order_Items` VALUES(39,15,143,'2');
INSERT INTO `Order_Items` VALUES(40,16,181,'1');
INSERT INTO `Order_Items` VALUES(41,23,17,'1');
INSERT INTO `Order_Items` VALUES(42,17,127,'1');
INSERT INTO `Order_Items` VALUES(43,17,123,'2');
INSERT INTO `Order_Items` VALUES(44,14,28,'1');
INSERT INTO `Order_Items` VALUES(45,18,173,'1');
INSERT INTO `Order_Items` VALUES(46,18,28,'1');
INSERT INTO `Order_Items` VALUES(47,19,8,'1');
INSERT INTO `Order_Items` VALUES(48,20,14,'2');
INSERT INTO `Order_Items` VALUES(49,21,40,'1');
INSERT INTO `Order_Items` VALUES(50,21,68,'1');
INSERT INTO `Order_Items` VALUES(51,21,59,'1');
INSERT INTO `Order_Items` VALUES(52,21,74,'1');
INSERT INTO `Order_Items` VALUES(53,21,47,'1');
INSERT INTO `Order_Items` VALUES(54,22,13,'1');
INSERT INTO `Order_Items` VALUES(55,35,123,'1');
INSERT INTO `Order_Items` VALUES(56,35,122,'1');
INSERT INTO `Order_Items` VALUES(57,35,28,'1');
INSERT INTO `Order_Items` VALUES(58,24,28,'1');
INSERT INTO `Order_Items` VALUES(59,25,27,'1');
INSERT INTO `Order_Items` VALUES(60,25,123,'1');
INSERT INTO `Order_Items` VALUES(61,25,122,'1');
INSERT INTO `Order_Items` VALUES(62,25,120,'1');
INSERT INTO `Order_Items` VALUES(63,26,28,'1');
INSERT INTO `Order_Items` VALUES(64,27,14,'1');
INSERT INTO `Order_Items` VALUES(65,27,19,'1');
INSERT INTO `Order_Items` VALUES(66,27,136,'1');
INSERT INTO `Order_Items` VALUES(67,27,122,'1');
INSERT INTO `Order_Items` VALUES(68,27,122,'1');
INSERT INTO `Order_Items` VALUES(69,28,120,'1');
INSERT INTO `Order_Items` VALUES(70,28,121,'1');
INSERT INTO `Order_Items` VALUES(71,28,122,'1');
INSERT INTO `Order_Items` VALUES(72,29,28,'1');
INSERT INTO `Order_Items` VALUES(73,30,28,'2');
INSERT INTO `Order_Items` VALUES(74,31,28,'1');
INSERT INTO `Order_Items` VALUES(75,31,16,'1');
INSERT INTO `Order_Items` VALUES(76,31,122,'1');
INSERT INTO `Order_Items` VALUES(77,31,122,'1');
INSERT INTO `Order_Items` VALUES(78,31,120,'1');
INSERT INTO `Order_Items` VALUES(79,32,136,'1');
INSERT INTO `Order_Items` VALUES(81,32,121,'1');
INSERT INTO `Order_Items` VALUES(82,32,120,'1');
INSERT INTO `Order_Items` VALUES(83,33,28,'1');
INSERT INTO `Order_Items` VALUES(84,33,120,'1');
INSERT INTO `Order_Items` VALUES(85,36,120,'1');
INSERT INTO `Order_Items` VALUES(86,36,122,'1');
INSERT INTO `Order_Items` VALUES(87,37,136,'1');
INSERT INTO `Order_Items` VALUES(88,37,120,'1');
INSERT INTO `Order_Items` VALUES(89,37,122,'1');
INSERT INTO `Order_Items` VALUES(90,37,121,'1');
INSERT INTO `Order_Items` VALUES(91,38,120,'1');
INSERT INTO `Order_Items` VALUES(92,38,27,'1');
INSERT INTO `Order_Items` VALUES(93,38,122,'1');
INSERT INTO `Order_Items` VALUES(94,38,17,'1');
INSERT INTO `Order_Items` VALUES(95,39,28,'1');
INSERT INTO `Order_Items` VALUES(96,39,12,'1');
INSERT INTO `Order_Items` VALUES(97,39,27,'1');
INSERT INTO `Order_Items` VALUES(98,39,18,'1');
INSERT INTO `Order_Items` VALUES(99,39,173,'1');
INSERT INTO `Order_Items` VALUES(100,39,120,'1');
INSERT INTO `Order_Items` VALUES(101,39,130,'1');
INSERT INTO `Order_Items` VALUES(102,40,123,'1');
INSERT INTO `Order_Items` VALUES(103,40,183,'2');
INSERT INTO `Order_Items` VALUES(104,41,155,'1');
INSERT INTO `Order_Items` VALUES(105,41,173,'1');
INSERT INTO `Order_Items` VALUES(106,41,89,'1');
INSERT INTO `Order_Items` VALUES(107,42,48,'1');
INSERT INTO `Order_Items` VALUES(108,42,66,'1');
INSERT INTO `Order_Items` VALUES(109,42,33,'3');
INSERT INTO `Order_Items` VALUES(110,42,63,'2');
INSERT INTO `Order_Items` VALUES(111,43,183,'1');
INSERT INTO `Order_Items` VALUES(112,43,180,'1');
INSERT INTO `Order_Items` VALUES(113,44,140,'1');
INSERT INTO `Order_Items` VALUES(114,44,45,'3');
INSERT INTO `Order_Items` VALUES(115,45,134,'1');
INSERT INTO `Order_Items` VALUES(116,45,133,'1');
INSERT INTO `Order_Items` VALUES(117,45,173,'1');
INSERT INTO `Order_Items` VALUES(118,45,119,'1');
INSERT INTO `Order_Items` VALUES(119,45,152,'1');
INSERT INTO `Order_Items` VALUES(120,46,135,'1');
INSERT INTO `Order_Items` VALUES(121,46,18,'1');
INSERT INTO `Order_Items` VALUES(122,46,19,'1');
INSERT INTO `Order_Items` VALUES(123,46,65,'2');
INSERT INTO `Order_Items` VALUES(124,47,18,'1');
INSERT INTO `Order_Items` VALUES(125,47,155,'1');
INSERT INTO `Order_Items` VALUES(126,47,167,'2');
INSERT INTO `Order_Items` VALUES(127,47,149,'1');
INSERT INTO `Order_Items` VALUES(128,47,161,'1');
INSERT INTO `Order_Items` VALUES(129,47,173,'1');
INSERT INTO `Order_Items` VALUES(130,48,19,'7');
INSERT INTO `Order_Items` VALUES(131,48,6,'3');
INSERT INTO `Order_Items` VALUES(132,48,59,'2');
INSERT INTO `Order_Items` VALUES(133,48,35,'2');
INSERT INTO `Order_Items` VALUES(134,48,65,'4');
INSERT INTO `Order_Items` VALUES(135,48,74,'4');
INSERT INTO `Order_Items` VALUES(136,48,61,'3');
INSERT INTO `Order_Items` VALUES(137,48,119,'2');
INSERT INTO `Order_Items` VALUES(138,48,89,'3');
INSERT INTO `Order_Items` VALUES(139,48,104,'2');
INSERT INTO `Order_Items` VALUES(140,48,80,'3');
INSERT INTO `Order_Items` VALUES(141,48,155,'2');
INSERT INTO `Order_Items` VALUES(142,48,140,'4');
INSERT INTO `Order_Items` VALUES(143,48,167,'6');
INSERT INTO `Order_Items` VALUES(144,48,146,'4');
INSERT INTO `Order_Items` VALUES(145,48,143,'2');
INSERT INTO `Order_Items` VALUES(146,48,173,'4');
INSERT INTO `Order_Items` VALUES(147,48,130,'2');
INSERT INTO `Order_Items` VALUES(149,48,135,'4');
INSERT INTO `Order_Items` VALUES(150,48,134,'4');
INSERT INTO `Order_Items` VALUES(151,48,133,'3');
INSERT INTO `Order_Items` VALUES(152,49,19,'2');
INSERT INTO `Order_Items` VALUES(153,50,14,'1');
INSERT INTO `Order_Items` VALUES(154,39,27,'1');
INSERT INTO `Order_Items` VALUES(155,39,14,'3');
INSERT INTO `Order_Items` VALUES(156,5,16,'3');
INSERT INTO `Order_Items` VALUES(157,5,14,'1');
INSERT INTO `Order_Items` VALUES(158,5,6,'2');
INSERT INTO `Order_Items` VALUES(159,5,19,'1');
INSERT INTO `Order_Items` VALUES(160,5,14,'1');
INSERT INTO `Order_Items` VALUES(161,5,15,'2');
INSERT INTO `Order_Items` VALUES(162,5,17,'5');
INSERT INTO `Order_Items` VALUES(163,62,17,'1');
INSERT INTO `Order_Items` VALUES(164,63,8,'1');
INSERT INTO `Order_Items` VALUES(166,63,74,'1');
INSERT INTO `Order_Items` VALUES(167,63,53,'1');
INSERT INTO `Order_Items` VALUES(169,63,140,'2');
INSERT INTO `Order_Items` VALUES(170,63,133,'2');
CREATE TABLE Orders_December (ProductTypes TEXT NULL, ProductName TEXT NULL, SalesUnit TEXT NULL, ofSalesUnitSold REAL NULL, ValueofSalesUnit INTEGER NULL, ActualSold REAL NULL);
INSERT INTO `Orders_December` VALUES('Cakes','Black Forest','Single',8.0,1,0.0);
INSERT INTO `Orders_December` VALUES('Cakes','Black Walnut','Single',5.0,1,0.0);
INSERT INTO `Orders_December` VALUES('Cakes','Buche de Noel (Christmas Cake)- Winter','Single',12.0,1,0.0);
INSERT INTO `Orders_December` VALUES('Cakes','Carrot Cake','Single',8.0,1,0.0);
INSERT INTO `Orders_December` VALUES('Cakes','Cheesecake','Single',18.0,1,0.0);
INSERT INTO `Orders_December` VALUES('Cakes','Coconut','Single',2.0,1,0.0);
INSERT INTO `Orders_December` VALUES('Cakes','Cookies n'' Cream','Single',1.0,1,0.0);
INSERT INTO `Orders_December` VALUES('Cakes','French Vanilla','Single',1.0,1,0.0);
INSERT INTO `Orders_December` VALUES('Cakes','Fudge Chocolate','Single',6.0,1,0.0);
INSERT INTO `Orders_December` VALUES('Cakes','German Chocolate','Single',2.0,1,0.0);
INSERT INTO `Orders_December` VALUES('Cakes','Gingerbread - Winter','Single',4.0,1,0.0);
INSERT INTO `Orders_December` VALUES('Cakes','Italian Rum','Single',4.0,1,0.0);
INSERT INTO `Orders_December` VALUES('Cakes','Red Velvet','Single',1.0,1,0.0);
INSERT INTO `Orders_December` VALUES('Cookies','Butter Pecan','One Dozen',1.0,12,0.0);
INSERT INTO `Orders_December` VALUES('Cookies','Butter Pecan','Single',1.0,1,0.0);
INSERT INTO `Orders_December` VALUES('Cookies','Butterscotch','Single',3.0,1,0.0);
INSERT INTO `Orders_December` VALUES('Cookies','Chocolate Banana Walnut','One Dozen',1.0,12,0.0);
INSERT INTO `Orders_December` VALUES('Cookies','Chocolate Banana Walnut','Single',1.0,1,0.0);
INSERT INTO `Orders_December` VALUES('Cookies','Chocolate Chip','Half-Dozen',1.0,6,0.0);
INSERT INTO `Orders_December` VALUES('Cookies','Chocolate Chip','One Dozen',2.0,12,0.0);
INSERT INTO `Orders_December` VALUES('Cookies','Chocolate Chip','Single',5.0,1,0.0);
INSERT INTO `Orders_December` VALUES('Cookies','Cranberry Walnut','One Dozen',3.0,12,0.0);
INSERT INTO `Orders_December` VALUES('Cookies','Fudge Brownie','One Dozen',7.0,12,0.0);
INSERT INTO `Orders_December` VALUES('Cookies','Fudge Brownie','Single',3.0,1,0.0);
INSERT INTO `Orders_December` VALUES('Cookies','Ginger Shortbread','Half-Dozen',1.0,6,0.0);
INSERT INTO `Orders_December` VALUES('Cookies','Ginger Shortbread','One Dozen',5.0,12,0.0);
INSERT INTO `Orders_December` VALUES('Cookies','Oatmeal Raisin','One Dozen',1.0,12,0.0);
INSERT INTO `Orders_December` VALUES('Cookies','Peanut Butter','Half-Dozen',1.0,6,0.0);
INSERT INTO `Orders_December` VALUES('Cookies','Snickerdoodle','One Dozen',1.0,12,0.0);
INSERT INTO `Orders_December` VALUES('Cookies','Snickerdoodle','Single',3.0,1,0.0);
INSERT INTO `Orders_December` VALUES('Cookies','White Chocolate Macademia Nut','Half-Dozen',3.0,6,0.0);
INSERT INTO `Orders_December` VALUES('Cookies','White Chocolate Macademia Nut','One Dozen',2.0,12,0.0);
INSERT INTO `Orders_December` VALUES('Cupcakes','Candy Cane- Winter','One Dozen',3.0,12,0.0);
INSERT INTO `Orders_December` VALUES('Cupcakes','Caramel Mocha Latte','One Dozen',6.0,12,0.0);
INSERT INTO `Orders_December` VALUES('Cupcakes','Carrot Cake','One Dozen',1.0,12,0.0);
INSERT INTO `Orders_December` VALUES('Cupcakes','Chocolate Amaretto','One Dozen',3.0,12,0.0);
INSERT INTO `Orders_December` VALUES('Cupcakes','French french vanilla','One Dozen',3.0,12,0.0);
INSERT INTO `Orders_December` VALUES('Cupcakes','Pineapple Coconut','One Dozen',2.0,12,0.0);
INSERT INTO `Orders_December` VALUES('Pastries','Almond Croissant','One Dozen',2.0,12,0.0);
INSERT INTO `Orders_December` VALUES('Pastries','Almond Croissant','Single',4.0,1,0.0);
INSERT INTO `Orders_December` VALUES('Pastries','Brownies','One Dozen',1.0,12,0.0);
INSERT INTO `Orders_December` VALUES('Pastries','Chocolate Croissant','Half-Dozen',1.0,6,0.0);
INSERT INTO `Orders_December` VALUES('Pastries','Chocolate Croissant','Single',1.0,1,0.0);
INSERT INTO `Orders_December` VALUES('Pastries','Chocolate Mousse Cup','One Dozen',4.0,12,0.0);
INSERT INTO `Orders_December` VALUES('Pastries','Chocolate Strawberries','One Dozen',12.0,12,0.0);
INSERT INTO `Orders_December` VALUES('Pastries','Cream Puffs','One Dozen',5.0,12,0.0);
INSERT INTO `Orders_December` VALUES('Pastries','Crème Brulee','Single',1.0,1,0.0);
INSERT INTO `Orders_December` VALUES('Pastries','Éclair','One Dozen',4.0,12,0.0);
INSERT INTO `Orders_December` VALUES('Pastries','Fruit Tartlette','One Dozen',6.0,12,0.0);
INSERT INTO `Orders_December` VALUES('Pastries','Key Lime Tartlette','One Dozen',3.0,12,0.0);
INSERT INTO `Orders_December` VALUES('Pastries','Mango Mousse Cup','Single',1.0,1,0.0);
INSERT INTO `Orders_December` VALUES('Pastries','Mini Cheesecake, Plain','One Dozen',1.0,12,0.0);
INSERT INTO `Orders_December` VALUES('Pastries','Rasberry Chocolate Tartlette','One Dozen',3.0,12,0.0);
INSERT INTO `Orders_December` VALUES('Pastries','Tiramisu','One Dozen',10.0,12,0.0);
INSERT INTO `Orders_December` VALUES('Pies','Apple','Single',5.0,1,0.0);
INSERT INTO `Orders_December` VALUES('Pies','Apple Crumb','Single',3.0,1,0.0);
INSERT INTO `Orders_December` VALUES('Pies','Chocolate Chess','Single',5.0,1,0.0);
INSERT INTO `Orders_December` VALUES('Pies','Coconut Cream','Single',1.0,1,0.0);
INSERT INTO `Orders_December` VALUES('Pies','French Silk','Single',5.0,1,0.0);
INSERT INTO `Orders_December` VALUES('Pies','Key Lime','Single',4.0,1,0.0);
INSERT INTO `Orders_December` VALUES('Pies','Peanut Butter Chocolate','Single',3.0,1,0.0);
INSERT INTO `Orders_December` VALUES('Pies','Pecan','Single',10.0,1,0.0);
INSERT INTO `Orders_December` VALUES('Pies','Pumpkin','Single',9.0,1,0.0);
INSERT INTO `Orders_December` VALUES('Pies','Sweet Potato','Single',3.0,1,0.0);
CREATE TABLE Orders_Table (ID INTEGER NULL, CustomerID INTEGER NULL, Paid TEXT NULL, PreOrder TEXT NULL, Notes TEXT NULL, PickupDate TEXT NULL);
INSERT INTO `Orders_Table` VALUES(5,44,'true','false','','Wed Dec 04 00:00:00 UTC 2013');
INSERT INTO `Orders_Table` VALUES(6,136,'true','true','For a birthday party-- cake should read, `Happy Birthday, Daddy!`','Mon Dec 09 00:00:00 UTC 2013');
INSERT INTO `Orders_Table` VALUES(7,131,'true','false','','Wed Dec 04 00:00:00 UTC 2013');
INSERT INTO `Orders_Table` VALUES(8,145,'true','true','For a reception at the J. Ikiba Gallery','Tue Dec 10 00:00:00 UTC 2013');
INSERT INTO `Orders_Table` VALUES(9,47,'true','false','','Sat Dec 14 00:00:00 UTC 2013');
INSERT INTO `Orders_Table` VALUES(10,38,'true','false','','Sun Dec 15 00:00:00 UTC 2013');
INSERT INTO `Orders_Table` VALUES(11,92,'true','true','For a holiday party','Sun Dec 15 00:00:00 UTC 2013');
INSERT INTO `Orders_Table` VALUES(12,38,'true','false','','Mon Dec 16 00:00:00 UTC 2013');
INSERT INTO `Orders_Table` VALUES(13,139,'true','true','For a kindergarten party. Write, `Happy 6th Birthday, Matthew!` on the cake and draw a rabbit in icing next to the text.','Mon Dec 16 00:00:00 UTC 2013');
INSERT INTO `Orders_Table` VALUES(14,130,'true','false','','Tue Dec 17 00:00:00 UTC 2013');
INSERT INTO `Orders_Table` VALUES(15,129,'true','true','For a holiday party','Tue Dec 17 00:00:00 UTC 2013');
INSERT INTO `Orders_Table` VALUES(16,124,'true','false','','Tue Dec 17 00:00:00 UTC 2013');
INSERT INTO `Orders_Table` VALUES(17,163,'true','false','','Wed Dec 18 00:00:00 UTC 2013');
INSERT INTO `Orders_Table` VALUES(18,96,'true','false','For a Christmas party','Wed Dec 18 00:00:00 UTC 2013');
INSERT INTO `Orders_Table` VALUES(19,78,'true','false','Cake should read, `Congratulations, Yuki!`','Wed Dec 18 00:00:00 UTC 2013');
INSERT INTO `Orders_Table` VALUES(20,153,'true','false','','Wed Dec 18 00:00:00 UTC 2013');
INSERT INTO `Orders_Table` VALUES(21,71,'true','true','For an office party','Thu Dec 19 00:00:00 UTC 2013');
INSERT INTO `Orders_Table` VALUES(22,176,'true','false','Extra icing','Fri Jan 18 00:00:00 UTC 2013');
INSERT INTO `Orders_Table` VALUES(23,149,'true','false','','Fri Dec 20 00:00:00 UTC 2013');
INSERT INTO `Orders_Table` VALUES(24,96,'true','true','Decorate cake with the following names: `Edouard,`  `Arnaud,` `Erwan,` `Celine,` and `Camille`','Mon Dec 23 00:00:00 UTC 2013');
INSERT INTO `Orders_Table` VALUES(25,10,'true','true','Christmas','Mon Dec 23 00:00:00 UTC 2013');
INSERT INTO `Orders_Table` VALUES(26,100,'true','true','Add text, `Joyeaux Noël 2010`','Mon Dec 23 00:00:00 UTC 2013');
INSERT INTO `Orders_Table` VALUES(27,125,'true','true','Christmas- Write `Happy Birthday Jesus` on the Carrot Cake','Mon Dec 23 00:00:00 UTC 2013');
INSERT INTO `Orders_Table` VALUES(28,104,'true','true','Christmas- Tie boxes up with ribbon','Mon Dec 23 00:00:00 UTC 2013');
INSERT INTO `Orders_Table` VALUES(29,97,'true','true','Christmas- write `Merry Christmas to All` on the cake.','Mon Dec 23 00:00:00 UTC 2013');
INSERT INTO `Orders_Table` VALUES(30,101,'true','true','Vary decorative details on the cakes-- different colored flowers, placement of moss, etc','Tue Dec 24 00:00:00 UTC 2013');
INSERT INTO `Orders_Table` VALUES(31,44,'true','true','','Tue Dec 24 00:00:00 UTC 2013');
INSERT INTO `Orders_Table` VALUES(32,121,'true','true','','Tue Dec 24 00:00:00 UTC 2013');
INSERT INTO `Orders_Table` VALUES(33,187,'true','true','','Tue Dec 24 00:00:00 UTC 2013');
INSERT INTO `Orders_Table` VALUES(34,92,'true','true','','Tue Dec 24 00:00:00 UTC 2013');
INSERT INTO `Orders_Table` VALUES(35,101,'false','false','Christmas. Decorate Buche de Noel with red flowers and text, `Joyeux Noël et Bonne Année`','Tue Dec 24 00:00:00 UTC 2013');
INSERT INTO `Orders_Table` VALUES(36,106,'true','false','','Tue Dec 24 00:00:00 UTC 2013');
INSERT INTO `Orders_Table` VALUES(37,81,'true','false','','Mon Dec 23 00:00:00 UTC 2013');
INSERT INTO `Orders_Table` VALUES(38,1,'true','false','','Tue Dec 24 00:00:00 UTC 2013');
INSERT INTO `Orders_Table` VALUES(39,106,'true','true','Apparently, he plans to eat most of this himself?! Maybe that was a joke…','Tue Dec 24 00:00:00 UTC 2013');
INSERT INTO `Orders_Table` VALUES(40,82,'true','false','Customer came in an hour before closing time and got angry that we were sold out of Pecan and Pumpkin Pies by that point. Apologized and advised her to pre-order next Christmas.','Tue Dec 24 00:00:00 UTC 2013');
INSERT INTO `Orders_Table` VALUES(41,111,'true','true','For a NYE party','Mon Dec 30 00:00:00 UTC 2013');
INSERT INTO `Orders_Table` VALUES(42,37,'true','false','','Mon Dec 30 00:00:00 UTC 2013');
INSERT INTO `Orders_Table` VALUES(43,57,'true','false','','Mon Dec 30 00:00:00 UTC 2013');
INSERT INTO `Orders_Table` VALUES(44,191,'true','false','','Mon Dec 30 00:00:00 UTC 2013');
INSERT INTO `Orders_Table` VALUES(45,117,'true','true','For a NYE party','Tue Dec 31 00:00:00 UTC 2013');
INSERT INTO `Orders_Table` VALUES(46,54,'true','false','','Tue Dec 31 00:00:00 UTC 2013');
INSERT INTO `Orders_Table` VALUES(47,146,'true','false','','Tue Dec 31 00:00:00 UTC 2013');
INSERT INTO `Orders_Table` VALUES(48,86,'true','true','For the Mayor''s NYE Gala-- arrange on best platters and deliver. No extra charge for an order this big. Extra decoration, etc-- we want this to look REALLY good.','Tue Dec 31 00:00:00 UTC 2013');
INSERT INTO `Orders_Table` VALUES(49,118,'true','true','','Tue Dec 31 00:00:00 UTC 2013');
INSERT INTO `Orders_Table` VALUES(50,188,'false','false','','Fri Jan 04 00:00:00 UTC 2013');
INSERT INTO `Orders_Table` VALUES(51,150,'false','false','','Sat Mar 02 00:00:00 UTC 2013');
INSERT INTO `Orders_Table` VALUES(52,198,'false','false','','Sun Mar 03 00:00:00 UTC 2013');
INSERT INTO `Orders_Table` VALUES(53,194,'false','false','','Sat Mar 02 00:00:00 UTC 2013');
INSERT INTO `Orders_Table` VALUES(54,120,'false','false','','Mon Mar 04 00:00:00 UTC 2013');
INSERT INTO `Orders_Table` VALUES(55,119,'false','true','','Tue Mar 12 00:00:00 UTC 2013');
INSERT INTO `Orders_Table` VALUES(56,75,'false','false','','Sun Mar 10 00:00:00 UTC 2013');
INSERT INTO `Orders_Table` VALUES(57,197,'false','false','','Mon Mar 11 00:00:00 UTC 2013');
INSERT INTO `Orders_Table` VALUES(58,133,'false','false','','Sun Mar 17 00:00:00 UTC 2013');
INSERT INTO `Orders_Table` VALUES(59,72,'false','false','','Sun Mar 17 00:00:00 UTC 2013');
INSERT INTO `Orders_Table` VALUES(60,53,'false','false','','Fri Mar 15 00:00:00 UTC 2013');
INSERT INTO `Orders_Table` VALUES(61,208,'false','false','','Thu Mar 14 00:00:00 UTC 2013');
INSERT INTO `Orders_Table` VALUES(62,209,'false','false','Yes! You found me. Congratulations on building your first query! :)','');
INSERT INTO `Orders_Table` VALUES(63,37,'true','true','For a St. Patrick''s Day party. Make everything we can green (green food coloring to cake and cookie dough, green filling in cream puffs) and add on green sprinkles where appropriate.','Sat Mar 16 00:00:00 UTC 2013');
CREATE TABLE Products_Table (ID INTEGER NULL, CategoryID INTEGER NULL, ProductName TEXT NULL, Description TEXT NULL);
INSERT INTO `Products_Table` VALUES(8,1,'Fudge Chocolate','So rich and heavy with chocolate, you''ll need someone to help you carry it home. No, really.');
INSERT INTO `Products_Table` VALUES(9,2,'Fudge Marble','The cake that dares ask the question: what if marble were made of three types of chocolate? The answer… delicious.');
INSERT INTO `Products_Table` VALUES(10,2,'French Vanilla','Oo la la! Some people might say this cake has a certain je ne sais quoi… but we `sais quoi`-- lots of vanilla.');
INSERT INTO `Products_Table` VALUES(11,2,'Strawberry Swirl','A dizzying swirl of strawberries and crème. Hold on tight!');
INSERT INTO `Products_Table` VALUES(12,2,'Cookies n'' Cream','Like dipping oreos and milk, but a cake, and not at all soggy.');
INSERT INTO `Products_Table` VALUES(13,2,'Lemon','A simple classic-- sweet and sour.');
INSERT INTO `Products_Table` VALUES(14,2,'German Chocolate','`Chocolate` in German is `schokolade.` You don''t have to be able to say that to enjoy this cake.');
INSERT INTO `Products_Table` VALUES(15,2,'Red Velvet','Your grandma''s favorite cake, topped with rich buttercream icing.');
INSERT INTO `Products_Table` VALUES(16,2,'Carrot Cake','Orange and spicy. Ask your doctor if you can count it as a serving of vegetables.');
INSERT INTO `Products_Table` VALUES(17,2,'Coconut','Ever tried cracking a coconut? It''s hard! Better stick with our moist Coconut Cake-- all you need is your fork.');
INSERT INTO `Products_Table` VALUES(18,2,'Black Walnut','Nutty, dark, and delicious. You''ll fall in love with this delectable cake.');
INSERT INTO `Products_Table` VALUES(19,2,'Black Forest','This is a Black Forest you''ll want to get lost in. Rich, moist, and not at all spooky.');
INSERT INTO `Products_Table` VALUES(20,2,'Italian Rum','Try as we might, it''s impossible to get drunk from our Italian Rum cake. So go ahead and eat the whole thing.');
INSERT INTO `Products_Table` VALUES(21,2,'Cheesecake','Moist, rich and dreamily creamy. Every biteful is sinfully delicious.');
INSERT INTO `Products_Table` VALUES(22,2,'Cheesecake, strawberry','Our NY-style classic, but now you can count it as a fruit serving.');
INSERT INTO `Products_Table` VALUES(23,2,'Easter Creme Cake- Spring','Like a Chocolate Crème Egg, except a three layer cake. Topped with icing bunnies and marshmallow chicks.');
INSERT INTO `Products_Table` VALUES(24,2,'Lemon Blueberry - Summer','Summer sunshine, ripe blueberries and sugary lemonade. Takes you back to the good ol'' days.');
INSERT INTO `Products_Table` VALUES(25,2,'Triple Berry Shortcake - Summer','Strawberries, raspberries, and blueberries. May turn your lips and teeth purple, but probably worth it.');
INSERT INTO `Products_Table` VALUES(26,2,'Hummingbird - Summer','Made out of actual hummingbirds. No, not really. But this pineapple and banana cake may attract a few.');
INSERT INTO `Products_Table` VALUES(27,2,'Pumpkin Spice - Autumn','Spicy and sweet-- the best thing about Autumn. Bring it to Thanksgiving, or kick off the holiday season by eating the whole thing yourself.');
INSERT INTO `Products_Table` VALUES(28,2,'Apple Spice - Autumn','Much easier to eat than bobbing for apples, but the caramel icing will still leave you sticky.');
INSERT INTO `Products_Table` VALUES(29,2,'Gingerbread - Winter','A bite of this cake will give you a great deal more pleasure than biting the limbs off a gingerbread man!');
INSERT INTO `Products_Table` VALUES(30,2,'Buche de Noel (Christmas Cake)- Winter','A French classic. Its name means `Yule Log.` We weren''t sure why you''d want to eat a log either, until we tasted this one.');
INSERT INTO `Products_Table` VALUES(31,3,'Strawberry Cream','Our strawberriest cupcake. We threw some cream flavor in there, too.');
INSERT INTO `Products_Table` VALUES(32,3,'French french vanilla','The French don''t have a word for `cupcake.` We know, that''s sad. This classic French Vanilla is what they''d crave if they had any idea what they were missing.');
INSERT INTO `Products_Table` VALUES(33,3,'Cookies n'' Cream','Rich chocolate cookies! Creamy, creamy cream! It''s a lot to pack in one cupcake, but we did it somehow.');
INSERT INTO `Products_Table` VALUES(34,3,'Lemon Drop','Lemon cake, covered with lemony icing, and a little lemon drop. We can even serve it on a little yellow plate, if you want.');
INSERT INTO `Products_Table` VALUES(35,3,'Caramel Mocha Latte','Love coffee, but looking for a cakier cup to start your morning? This sweet confection is your best bet.');
INSERT INTO `Products_Table` VALUES(36,3,'Carrot Cake','One whole carrot in each cupcake. Lots of spices, too. Topped with cream cheese icing.');
INSERT INTO `Products_Table` VALUES(37,3,'Red Velvet','Red velvet: the fabric magicians use for their capes. It''s also your new favorite cupcake. Topped with buttercream icing.');
INSERT INTO `Products_Table` VALUES(38,3,'Pineapple Coconut','Tropical and bright. The only cupcake you need when you''re stuck on a Desert Island.');
INSERT INTO `Products_Table` VALUES(39,3,'Orange Creamsicle','Like Orange Creamsicles but don’t like cold? Finally, a solution. This cupcake won''t melt, either.');
INSERT INTO `Products_Table` VALUES(40,3,'Chocolate Amaretto','Chocolate and almonds-- delizioso!');
INSERT INTO `Products_Table` VALUES(41,3,'Peanut Butter Cup','We wanted a peanut butter cup that was truly cup-sized. Also, we wanted it to be a cake. This cupcake meets both those standards.');
INSERT INTO `Products_Table` VALUES(42,3,'White Chocolate Raspberry','Pink and white just may be our favorite colors. Moist raspberry cake and rich white chocolate frosting.');
INSERT INTO `Products_Table` VALUES(43,3,'S''mores - Summer','The perfect cupcake for a summer evening. Please don''t drop it in the fire.');
INSERT INTO `Products_Table` VALUES(44,3,'Pumpkin Spice- Autumn','Pumpkin and autumn spices, topped with cream cheese frosting. Hog these for yourselves while the kids carve the real pumpkin.');
INSERT INTO `Products_Table` VALUES(45,3,'Candy Cane- Winter','Sweet peppermint with a light buttercream icing. Too good to hang on the tree.');
INSERT INTO `Products_Table` VALUES(46,1,'Sugar','Soft, moist and simply delightful.');
INSERT INTO `Products_Table` VALUES(47,1,'Chocolate Chip','Overloaded with chocolate chips, and a little bit of cookie too.');
INSERT INTO `Products_Table` VALUES(58,1,'Oatmeal Raisin','A new take on the afterschool classic. Lightly toasted oatmeal and artisanal raisins.');
INSERT INTO `Products_Table` VALUES(59,1,'Peanut Butter','Made using only the finest peanut butter. Really.');
INSERT INTO `Products_Table` VALUES(60,1,'Cranberry Orange','Some flavors just work. Don''t try to figure it out.');
INSERT INTO `Products_Table` VALUES(61,1,'Snickerdoodle','1/3 snicker, 1/3 doodle, and the other third sugar, cinnamon, and butter.');
INSERT INTO `Products_Table` VALUES(62,1,'Butter Pecan','Rich, crumbly, and nutty. Did we mention buttery?');
INSERT INTO `Products_Table` VALUES(63,1,'Lemon Sugar','The sweet side of tart. You can''t eat just one.');
INSERT INTO `Products_Table` VALUES(64,1,'Butterscotch','Like a piece of candy, but a cookie. Also, tastier.');
INSERT INTO `Products_Table` VALUES(65,1,'Cranberry Walnut','Maine cranberries, and walnuts from a walnut tree. Yum.');
INSERT INTO `Products_Table` VALUES(66,1,'White Chocolate Macademia Nut','Ooo-la-la and addictive. Take our word for it.');
INSERT INTO `Products_Table` VALUES(67,1,'Fudge Brownie','Thick, rich, and just chewy enough. Your mouth may get stuck shut, but you probably won''t mind.');
INSERT INTO `Products_Table` VALUES(68,1,'Chocolate Banana Walnut','The taste of banana bread and chocolate all in one delicious cookie.');
INSERT INTO `Products_Table` VALUES(69,1,'White Chocolate Pumpkin Pecan','White chocolate pumpkin? Exactly what it sounds like. Go with it.');
INSERT INTO `Products_Table` VALUES(70,1,'Ginger Shortbread','A classic with a hint of spice. Melt-in-your mouth delicious.');
INSERT INTO `Products_Table` VALUES(71,5,'Cannoli, Plain','An Italian classic. Rich and creamy vanilla filling with a flakey pastry shell.');
INSERT INTO `Products_Table` VALUES(72,5,'Cannoli, Chocolate Chip','Our Italian favorite, now with chocolate chips. There is literally nothing not to love about this.');
INSERT INTO `Products_Table` VALUES(73,5,'Cream Puffs','Like a cloud made of dough and cream. Oh, and filled with vanilla.');
INSERT INTO `Products_Table` VALUES(74,5,'Éclair','`Éclair` means `lightning` in French. I know, we don''t get it either. Don''t think about it-- just enjoy this cream-filled pastry.');
INSERT INTO `Products_Table` VALUES(75,5,'Fruit Tartlette','A mini-pie filled with seasonal fruit and glazed with sugar. Why aren''t you eating one yet?');
INSERT INTO `Products_Table` VALUES(76,5,'Key Lime Tartlette','A snack sized version of our Key Lime pie. We''re sorry if this ruins your diet.');
INSERT INTO `Products_Table` VALUES(77,5,'Rasberry Chocolate Tartlette','A teeny-tiny Raspberry Chocolate Tarte. You can eat one, but you can eat more than one, too.');
INSERT INTO `Products_Table` VALUES(78,5,'Chocolate Mousse Cup','A cup of our delicate chocolate mousse. Topped with a sprig of mint. Also available in french vanilla.');
INSERT INTO `Products_Table` VALUES(79,5,'Mango Mousse Cup','A creamy, delicious, tropical delight.');
INSERT INTO `Products_Table` VALUES(80,5,'Mini Cheesecake, Plain','A single serving version of our classic cheesecake. But we won''t judge if you eat more than one.');
INSERT INTO `Products_Table` VALUES(81,5,'Mini Cheesecake, Strawberry','A single serving version of our classic cheesecake, topped with a strawberry glaze and a single strawberry.');
INSERT INTO `Products_Table` VALUES(82,5,'Chocolate Strawberries','Perfectly ripe strawberries dipped in fine chocolate. Go ahead and indulge.');
INSERT INTO `Products_Table` VALUES(83,5,'Crème Brulee','The French classic , served fresh. Order-in only.');
INSERT INTO `Products_Table` VALUES(84,5,'Tiramisu','Coffee-soaked cake, marscarpone, liquor, and cocoa. We needn''t say more.');
INSERT INTO `Products_Table` VALUES(85,5,'Lemon Bar','A layer of tart lemon on top of a sweet bar cookie. Perfect for tea time.');
INSERT INTO `Products_Table` VALUES(86,5,'Brownies','An American classic. Every brownie is an `edge` brownie.');
INSERT INTO `Products_Table` VALUES(87,5,'Chocolate Croissant','Pain au chocolat. A croissant wrapped around a sweet piece of chocolate.');
INSERT INTO `Products_Table` VALUES(88,5,'Almond Croissant','How can you make a buttery croissant even richer? Easy! Fill it with almond paste, and top it with sugar and roasted almonds.');
INSERT INTO `Products_Table` VALUES(89,4,'Pumpkin','Classic pumpkin pie with graham cracker crust. Our special recipe uses a dash of bourbon for extra flavor.');
INSERT INTO `Products_Table` VALUES(90,4,'Sweet Potato','A southern classic you won''t be able to keep your fingers off of.');
INSERT INTO `Products_Table` VALUES(91,4,'Pecan','A classic, updated to be a little healthier. Don''t worry, there''s no lack of flavor in this corn-syrup-free favorite.');
INSERT INTO `Products_Table` VALUES(92,4,'Apple','As American as… never mind. Made from local apples, and coated with our special sugar glaze.');
INSERT INTO `Products_Table` VALUES(93,4,'Peach','Thick sliced peaches in a buttery crust. Tastes like a Georgia summer day.');
INSERT INTO `Products_Table` VALUES(94,4,'Cherry','Large, ripe cherries and a delicate crust. Perfect with a  dollop of whipped cream.');
INSERT INTO `Products_Table` VALUES(95,4,'Blueberry','This pie will turn your lips purple, but we guarentee you won''t mind. Sweet and tart.');
INSERT INTO `Products_Table` VALUES(96,4,'Coconut Cream','The classic pie-in-the-face pie, but we think throwing it would be a waste. Sweet and creamy.');
INSERT INTO `Products_Table` VALUES(97,4,'Banana Cream','No longer will you have to choose between banana pudding and pie: this pie has it all. A new take on a Southern classic. Serve warm.');
INSERT INTO `Products_Table` VALUES(98,4,'Strawberry Cream','Sort of like a milkshake, but with a crust. Dreamily satisfying.');
INSERT INTO `Products_Table` VALUES(99,4,'Peanut Butter Chocolate','Like a peanut butter cup with a crust. Yum!');
INSERT INTO `Products_Table` VALUES(100,4,'Blackberry','A summer favorite available year-round. You can just imagine it sitting on a windowsill.');
INSERT INTO `Products_Table` VALUES(101,4,'Lemon Meringue','A delicate and delightful classic.');
INSERT INTO `Products_Table` VALUES(102,4,'Key Lime','Tart and rich. Made with real key limes. A tropical vacation in pie form.');
INSERT INTO `Products_Table` VALUES(103,4,'Chocolate Chess','Chocolate lovers have met their match. Checkmate.');
INSERT INTO `Products_Table` VALUES(104,4,'French Silk','The title might be French, but this creamy chocolate pie topped with a layer of cool, sweet whipped cream is pure yin/yang.');
INSERT INTO `Products_Table` VALUES(105,4,'Apple Crumb','Our apple pie with special crumb-cake topping. You''ll eat every crumb, we promise.');
CREATE TABLE Sales_Unit (ID INTEGER NULL, ProductName TEXT NULL, SalesUnitVal INTEGER NULL);
INSERT INTO `Sales_Unit` VALUES(1,'Single',1);
INSERT INTO `Sales_Unit` VALUES(2,'Half-Dozen',6);
INSERT INTO `Sales_Unit` VALUES(3,'One Dozen',12);
COMMIT;